{
  "orientation": "Vertical",
  "nodeLayouts": {
    "inputs": {
      "x": -52.4873046875,
      "y": -51.818359375,
      "index": -1
    },
    "outputs": {
      "x": -30.587890625,
      "y": 252.76171875,
      "index": -1
    },
    "complete": {
      "x": -111.193359375,
      "y": 84.2607421875,
      "index": 0
    }
  },
  "viewport": {
    "transformMatrix": [
      1,
      0,
      0,
      1,
      287.4482421875,
      167.818359375
    ]
  }
}