{
  "orientation": "Vertical",
  "nodeLayouts": {
    "inputs": {
      "x": -43.96875,
      "y": 127.9521484375,
      "index": -1
    },
    "outputs": {
      "x": -25.9345703125,
      "y": 368.376953125,
      "index": -1
    },
    "calculate": {
      "x": -86.4326171875,
      "y": 232.9814453125,
      "height": 75,
      "index": 0
    }
  },
  "viewport": {
    "transformMatrix": [
      1,
      0,
      0,
      1,
      280.0029296875,
      -93.4814453125
    ]
  }
}