{
  "orientation": "Vertical",
  "nodeLayouts": {
    "inputs": {
      "x": 186.65205411203766,
      "y": -83.33027411026211,
      "index": -1
    },
    "outputs": {
      "x": 60.58183505617754,
      "y": 718.1169083557949,
      "index": -1
    },
    "system": {
      "x": 37.12648092352197,
      "y": 128.42564655374642,
      "height": 75,
      "index": 0
    },
    "pre_model": {
      "x": 461.6746228537783,
      "y": 127.05964866198654,
      "height": 75,
      "index": 1
    },
    "chat": {
      "x": -33.43223898149347,
      "y": 299.58489363186357,
      "height": 75,
      "index": 2
    },
    "post_model": {
      "x": -34.51930250145449,
      "y": 424.5881306188263,
      "height": 75,
      "index": 3
    },
    "outcome": {
      "x": -35.61674694528983,
      "y": 559.5400683083715,
      "height": 75,
      "index": 4
    },
    "few_shot": {
      "x": -208.91518911624254,
      "y": 129.69880162836253,
      "height": 75,
      "index": 5
    }
  },
  "viewport": {
    "transformMatrix": [
      0.850697960379001,
      0,
      0,
      0.850697960379001,
      133.7237252733808,
      72.3473909021609
    ]
  }
}