{
  "orientation": "Vertical",
  "nodeLayouts": {
    "inputs": {
      "x": 187,
      "y": 62,
      "index": -1
    },
    "outputs": {
      "x": 334.063232421875,
      "y": 449.61907958984375,
      "index": -1
    },
    "math_sk": {
      "x": 169.1561279296875,
      "y": 236.52352905273438,
      "height": 75,
      "index": 0
    }
  },
  "viewport": {
    "transformMatrix": [
      1,
      0,
      0,
      1,
      -21.3397216796875,
      47.476470947265625
    ]
  }
}