{
  "orientation": "Vertical",
  "nodeLayouts": {
    "inputs": {
      "x": 186.5,
      "y": 62,
      "index": -1
    },
    "outputs": {
      "x": 195.58203125,
      "y": 714.15625,
      "index": -1
    },
    "pre_model": {
      "x": 256.2796264146091,
      "y": 213.00070730452674,
      "height": 75,
      "index": 0
    },
    "negative": {
      "x": 443.30656292866945,
      "y": 336.33118998628265,
      "height": 75,
      "index": 1
    },
    "chat": {
      "x": 0.7166012945816789,
      "y": 400.4795685442387,
      "height": 75,
      "index": 2
    },
    "Final": {
      "x": 182.0078125,
      "y": 575.9375,
      "height": 75,
      "index": 3
    }
  },
  "viewport": {
    "transformMatrix": [
      0.7290000000000001,
      0,
      0,
      0.7290000000000001,
      76.15129858398439,
      30.204056396484305
    ]
  }
}